company,counts
SPY,167
TSLA,166
NIO,151
AMD,133
AAPL,114
DKNG,75
PLTR,74
ETF,73
PT,61
ACB,60
ZM,59
BABA,55
FB,54
BTC,51
BA,50
VIX,50
WKHS,48
SQ,48
LOL,47
BYND,47
NVDA,45
IDEX,44
SPAC,42
KEKW,40
AMZN,40
PFE,39
TO,38
MSFT,38
NKLA,36
GNUS,34
FSLY,34
SHLL,33
PTON,33
RSI,31
ROKU,31
PINS,31
CRSR,31
NQ,31
PLUG,30
WWR,30
SPAQ,30
HYLN,29
SNDL,29
JD,29
SNAP,29
RKT,28
ES,27
JKS,25
COVI,25
NNDM,25
MACD,25
GME,24
SE,23
IT,23
MA,23
SQQQ,22
KO,22
WSB,22
XD,22
FOMO,22
MARA,21
HEAR,21
CRM,21
CGC,20
IZEA,20
CBAT,20
SL,20
VWAP,20
VXX,19
APPL,19
INTC,19
SPCE,19
AAL,18
SPI,18
ON,18
AREC,18
NFLX,18
QQQ,18
UONE,18
BLNK,18
HD,18
ING,18
FDA,17
DIS,17
MO,17
OOOO,17
THE,17
TLRY,16
ADTX,16
YOU,16
LMNL,15
JMIA,15
USD,15
EXAS,15
IV,15
SOLO,15
XERS,15
DPW,14
GILD,14
GRAF,14
TE,14
APPS,14
LCA,14
PSTH,14
ARKK,13
ATVI,13
ED,13
MGNI,13
EMA,13
AESE,13
WMT,13
CEO,13
GM,13
FSR,13
BNGO,13
TGT,13
GE,13
NAK,13
ET,13
AND,13
SRNE,13
REIT,12
GUSH,12
LULU,12
GEVO,12
SBE,12
IMO,12
GRIL,12
SHOP,12
WORK,12
INO,12
LMAO,12
PR,12
SPX,12
TTD,11
ZNGA,11
CCL,11
WS,11
IN,11
DOCU,11
ELON,11
VVPR,11
UPS,11
KODK,11
OTC,11
CIIC,11
VA,11
BIGC,10
EOY,10
NG,10
OSTK,10
SUNW,10
XOM,10
IS,10
EOD,10
JPM,10
XPEV,10
IPOB,10
AT,10
NEE,10
AQ,10
QCOM,10
PIC,10
JE,10
HTZ,10
DPHC,10
TDOC,10
MARK,10
SO,9
SD,9
CH,9
DGLY,9
FL,9
BP,9
LETS,9
SBUX,9
WL,9
GLD,9
YVR,9
BAC,9
UVXY,9
TEVA,9
NTR,9
RIOT,9
KS,9
FUCK,9
IRA,9
VERY,9
PYPL,9
HEXO,9
BIG,9
NASD,9
NET,8
THIS,8
PA,8
VOO,8
MRNA,8
DM,8
GOOO,8
GBTC,8
CHGG,8
JEPI,8
TSM,8
PE,8
ETSY,8
VC,8
IQ,8
FYI,8
TNXP,8
GRNQ,8
PUT,8
ORCL,8
IBIO,8
INAQ,8
DO,8
AHT,8
TDA,8
MJ,8
ENPH,8
LLY,8
NTN,8
PENN,8
USA,8
LK,8
FEAC,7
KXIN,7
IF,7
THAT,7
RIP,7
PH,7
SMA,7
NOW,7
LYL,7
SP,7
REAL,7
LY,7
UK,7
UP,7
GREE,7
DECN,7
LUV,7
APXT,7
HR,7
UCIT,7
NIU,7
JWN,7
LGVW,7
FCEL,7
STOC,7
GO,7
RXT,7
BRO,7
THAN,7
YOLO,7
TWLO,7
REGN,7
TAP,7
ALL,7
TOL,7
ETH,7
ONCT,6
MONE,6
NYC,6
EU,6
WWE,6
PES,6
IGC,6
OF,6
SNOW,6
NAKD,6
KIRK,6
SPOT,6
BTO,6
ADBE,6
JP,6
FUBO,6
TTM,6
ZNH,6
MM,6
BKYI,6
UCO,6
TC,6
FEYE,6
VLDR,6
NICE,6
BB,6
ST,6
RIDE,6
MRVL,6
CVS,6
GOGO,6
WTF,6
DONA,6
LI,6
SAVE,6
HAS,6
ULTA,6
YOUR,6
BEAS,6
SHIP,6
LMT,6
ABBV,6
FDX,6
APHA,6
XTNT,6
EPS,6
MCD,6
ME,6
PRTS,6
HUSA,6
IRM,6
ION,6
LMFA,6
OXBR,6
MU,6
SRAC,6
COST,6
IEA,6
TB,6
TM,6
TLGT,6
HOME,5
AMC,5
ENG,5
DAMN,5
LOW,5
GOP,5
ICON,5
SBBP,5
BZ,5
BE,5
HAVE,5
BK,5
ICLN,5
SEDG,5
TS,5
OR,5
JAGX,5
SPWR,5
II,5
AVGO,5
GAIN,5
XIT,5
NCTY,5
TSX,5
HUGE,5
BUY,5
SPLK,5
BBY,5
NHOD,5
NXPI,5
OPTT,5
GOAT,5
OPK,5
GMHI,5
TRNE,5
WOW,5
AF,5
CALL,5
NY,5
DT,5
SSSS,5
HS,5
LMND,5
OO,5
ARE,5
DOMO,5
GOOD,5
ONLY,5
FUSE,5
FE,5
GOOG,5
IB,5
HA,5
UAL,5
HAHA,5
VE,5
KING,5
PIXY,5
PSV,5
SH,5
STAF,5
LL,5
MDGS,5
FIZZ,5
ERS,5
WYNN,5
BREA,5
FREE,5
CCXX,5
TRAD,5
FIRE,5
LPCN,5
DG,5
DEC,4
FRAN,4
FVRR,4
IBB,4
FORD,4
CFO,4
PECK,4
WEBU,4
GREA,4
SWBI,4
LOVE,4
DAY,4
OG,4
BTW,4
RS,4
PRES,4
PUTS,4
PSTV,4
GIX,4
LOGI,4
ASX,4
AKBA,4
ADMP,4
IDEN,4
NE,4
MR,4
TWTR,4
VGAC,4
SPDR,4
WEI,4
HIGH,4
NOK,4
BANK,4
MI,4
CRWD,4
DDOG,4
KOD,4
NOOO,4
NEWS,4
OKTA,4
ETTX,4
KCAC,4
WB,4
FNKO,4
AR,4
DS,4
HCAC,4
BOXL,4
AP,4
CVNA,4
TH,4
MDB,4
ARKG,4
ADS,4
PTSD,4
TEUM,4
CELH,4
GRWG,4
XOP,4
DNK,4
CMG,4
TCON,4
PHUN,4
RE,4
PL,4
SOAC,4
SOME,4
OXY,4
ARKF,4
GET,4
WW,4
CATB,4
MSOS,4
MKT,4
CAAS,4
LSV,4
WI,4
WFC,4
OI,4
BOOO,4
SCHD,4
RAMP,4
SNMP,4
EVER,4
IEP,4
AZN,4
TP,4
BIMI,4
BRQS,4
EW,4
OUT,4
MTC,4
USPS,4
HTBX,4
FOR,4
NOT,4
SEC,4
JNUG,4
USO,4
HK,4
WYY,4
ITS,4
NJ,4
DAL,4
LIT,4
OCO,4
XLNX,4
GP,4
EOW,4
RISK,4
GPU,4
VR,4
SHAK,4
PROF,4
IRS,4
IVR,4
ANY,4
JNJ,4
CNN,4
UI,4
PING,4
URI,4
LAZR,4
AL,4
APVO,4
OIL,4
PC,4
CHWY,3
XSPA,3
STON,3
FX,3
RBLX,3
QS,3
NNOX,3
TTCF,3
LONG,3
AGAI,3
FED,3
FPRX,3
SOL,3
SLV,3
AMED,3
TV,3
COD,3
KNOW,3
VRS,3
PDD,3
USKB,3
MAGA,3
MAXN,3
PS,3
NB,3
DEMZ,3
PLIN,3
CFII,3
HGSH,3
AMWL,3
LET,3
MKD,3
ZDGE,3
CO,3
OT,3
CLIS,3
SHIT,3
MOON,3
CASH,3
NKE,3
EA,3
ETON,3
INVE,3
MY,3
PST,3
FBI,3
OH,3
REGE,3
NERO,3
BUT,3
MORN,3
WTI,3
NYSE,3
NTB,3
CRIS,3
DID,3
YESS,3
OMG,3
TAN,3
YGYI,3
IDK,3
NCLH,3
LLC,3
SPTN,3
KR,3
YTD,3
GOLD,3
CRK,3
SEE,3
WE,3
LA,3
THCB,3
NTDO,3
DRIP,3
ABC,3
CAT,3
DOW,3
KB,3
OCT,3
FLOA,3
ICCA,3
WITH,3
GANG,3
MEMB,3
FINA,3
EDGA,3
SPG,3
GT,3
SSN,3
LOLO,3
OOO,3
YJ,3
STIL,3
NNMD,3
AAP,3
FCX,3
EMAN,3
CLSK,3
BUYI,3
PPSI,3
CA,3
BTE,3
GPRO,3
PATI,3
LLNW,3
NNVC,3
OOM,3
MPLN,3
TEC,3
HYRE,3
FTSE,3
NO,3
GDRX,3
IBM,3
TRUM,3
ARK,3
AKTS,3
RMG,3
NH,3
ROI,3
SFET,3
WATC,3
TUP,3
WATT,3
HHT,3
LE,3
IPOC,3
ABT,3
IL,3
MCDO,3
BILI,3
ND,3
RUN,3
POLA,3
NALD,3
CRBP,3
CME,3
FBIO,3
GIK,3
OK,3
LIKE,3
PLAY,3
ADT,3
FMCI,3
BMY,3
PAGS,3
KHRN,3
DOYU,3
NERV,3
REV,3
WHAT,3
XRP,3
PLL,3
MBOT,3
CIDM,3
UAVS,3
NT,3
SUPE,3
ATM,3
BTD,3
TF,3
HX,3
DRAF,3
IWM,3
GBPU,3
PRPL,3
IP,3
BBW,3
BNS,3
NRGU,3
LABU,3
BTU,3
RT,3
TED,3
MESO,3
CLSN,3
POSH,3
BITC,3
HTB,3
RMED,3
ALER,3
SPAK,3
ANYO,3
LT,3
AQB,3
MRO,2
YCBD,2
EDRY,2
IR,2
DTE,2
BRAD,2
KZIA,2
CY,2
INST,2
TINY,2
COCP,2
ZSAN,2
SW,2
EY,2
WAFU,2
MP,2
EARS,2
VP,2
SLGG,2
CHAR,2
DONE,2
YL,2
NOTH,2
WOUL,2
RUPT,2
SARS,2
AIRB,2
WHER,2
ACEA,2
ROCK,2
TACO,2
ARKQ,2
SELB,2
MOMO,2
MUHA,2
MGEN,2
WANT,2
SSS,2
USL,2
STRE,2
LOOK,2
KW,2
DCA,2
BOOM,2
XI,2
ARTL,2
SAYS,2
XE,2
SPXU,2
SPIK,2
VFV,2
USAC,2
NUSI,2
DANG,2
NETF,2
KOS,2
CD,2
DCF,2
QLGN,2
JETS,2
YA,2
HTZG,2
YEEE,2
VISL,2
CLDR,2
PIPE,2
AN,2
POTE,2
RTN,2
CLNY,2
NTIA,2
DDD,2
IBD,2
LAC,2
WU,2
MFST,2
EUA,2
REI,2
SF,2
COWN,2
ONE,2
MF,2
EXT,2
JH,2
IA,2
LONE,2
JAM,2
XX,2
AG,2
SMAR,2
FY,2
ASTC,2
TIA,2
VIAV,2
IIAD,2
PEN,2
HOP,2
STIM,2
ULUS,2
DON,2
AGE,2
ABAN,2
NPR,2
EOM,2
FEEL,2
VALE,2
MBA,2
MAKE,2
ACOR,2
CF,2
OPTI,2
YALL,2
ARKW,2
UUP,2
SCOR,2
YT,2
TMO,2
MORE,2
BO,2
WSJ,2
CPU,2
FCB,2
BROW,2
NIE,2
UIK,2
NA,2
NBA,2
TRIL,2
WORT,2
ROUN,2
PETQ,2
TYG,2
ADY,2
HLIS,2
ALRE,2
FLNT,2
FAMI,2
CCH,2
THEM,2
AAAA,2
DONT,2
MCAC,2
TR,2
SONN,2
POST,2
BABY,2
SHEE,2
NUMI,2
CSIQ,2
ALWA,2
ALOT,2
CBAK,2
YS,2
TODA,2
TTOO,2
MESS,2
TAKE,2
DOJ,2
MDLY,2
VZ,2
AACQ,2
CLEU,2
GERN,2
BEFO,2
AMCI,2
XLF,2
VXRT,2
ITRM,2
TY,2
CODX,2
EFR,2
THES,2
HODL,2
HUYA,2
HPQ,2
VBIV,2
AVGR,2
PDUF,2
HELL,2
GSAH,2
COTY,2
WOOO,2
HRB,2
GRMN,2
BU,2
DN,2
NGD,2
UGAZ,2
TMBR,2
BSE,2
PFIZ,2
FTSI,2
YFI,2
NYT,2
EURU,2
CDC,2
TX,2
STOR,2
SKYY,2
QCLN,2
LIVE,2
CAH,2
TES,2
REPO,2
OBV,2
WOAH,2
SPT,2
GUH,2
UPRO,2
VTIQ,2
HES,2
VXUS,2
SUS,2
NAIL,2
HATE,2
SFIX,2
BKNG,2
YOY,2
HOD,2
CSCO,2
DBX,2
LEAP,2
CGRO,2
INFO,2
SM,2
STPK,2
DUO,2
EEE,2
ENCE,2
AHHA,2
SMH,2
RTX,2
BOX,2
AGES,2
IQO,2
MING,2
SS,2
HBO,2
FD,2
CURL,2
BAT,2
CBD,2
LOOP,2
OS,2
AVYA,2
CL,2
FRX,2
ZOM,2
STIN,2
TWND,2
AEMD,2
LIST,2
YDAY,2
UAV,2
MFA,2
OL,2
CN,2
ROTH,2
KILL,2
HIT,2
ORGO,2
TANK,2
YYYY,2
HPR,2
FIT,2
SIMP,2
TATT,2
AIM,2
PEP,2
CEL,2
BAN,2
MMS,2
KNTD,2
CHIN,2
THRO,2
SGBX,2
NU,2
WNBA,2
DGNR,2
EHTH,2
NEW,2
TION,2
POSI,2
EXIT,2
PIN,2
GLTA,2
UPDA,2
VRM,2
HMMM,2
TQ,2
MVIS,2
YES,2
HERE,2
JM,2
FOX,2
RAD,2
SNRE,2
TDAC,2
HESI,2
TATE,2
WHY,2
WPG,2
IRME,2
KNDI,2
CNBC,2
COMF,2
MW,2
ALPP,2
AY,2
CTIC,2
DH,2
SEEL,2
BGI,2
LKQ,2
ASAN,2
ECL,2
AUPH,2
FIRS,2
NFL,2
RN,2
MOD,2
TOPS,2
NV,2
HF,2
RA,2
GLAD,2
HOLY,2
EX,2
BCTG,2
BBBY,2
KTOV,2
BYFC,2
UGH,2
WAI,2
NAT,2
TT,2
JR,2
GA,2
DSS,2
STO,2
NS,2
FUTU,2
DEAD,2
GL,2
NEVE,2
SR,2
NVCN,2
SNPR,2
BIDU,2
PROG,2
MTCH,2
INDI,2
ISIG,2
VIEW,2
SURE,2
WILL,2
CAD,2
AIKI,2
FLGT,2
TBLT,2
TELL,2
RYCE,2
DYNT,2
NOVN,2
OGEN,2
SGTM,2
IMMU,2
PEG,2
EYES,2
NCNA,2
VFF,2
NOPE,2
FUV,2
TOAS,2
NC,2
TW,2
RB,2
LVGO,2
AS,2
MOST,2
WERE,2
RDFN,2
WBTC,2
NGL,2
OGI,2
TSMC,2
CLVS,2
NEXT,2
FORG,2
ICO,2
ARRY,2
VIDU,2
PDF,2
EQ,2
GCI,1
LIN,1
HEWJ,1
LOT,1
ZQ,1
FV,1
WEEK,1
HALB,1
GONN,1
SI,1
EZ,1
BULL,1
EWJ,1
BZX,1
REML,1
UPCO,1
RZ,1
ESE,1
BF,1
DKIN,1
AI,1
BEPC,1
GRGW,1
EDTK,1
LMK,1
OPEN,1
AFTE,1
CLOS,1
BBI,1
GPS,1
CHYN,1
TILR,1
ICD,1
ATL,1
FISK,1
RES,1
STAG,1
NAZI,1
NIKE,1
QIAD,1
ONS,1
JFC,1
LUL,1
NDX,1
BOYS,1
SWIN,1
CIK,1
NVR,1
NOV,1
NXDA,1
ZUB,1
FG,1
PASS,1
QVK,1
UUUU,1
TRUU,1
TTV,1
VH,1
UTSI,1
AJ,1
SNBR,1
TFSA,1
ZEB,1
TMUS,1
NUYQ,1
MFH,1
XELA,1
CPER,1
ZQQ,1
MYSZ,1
CND,1
BMO,1
NPIF,1
SUND,1
WTRH,1
DED,1
SARE,1
PMH,1
OPIN,1
BYC,1
BAR,1
BYDD,1
SAVA,1
BLCN,1
BLOK,1
KOIN,1
AGO,1
XDDD,1
PY,1
EAF,1
HAW,1
CBAR,1
DAYT,1
RADE,1
BDN,1
GAMB,1
QC,1
SFT,1
ROOT,1
FANH,1
EXTN,1
ANAL,1
YSTS,1
WANN,1
IIPR,1
WIFI,1
RO,1
EXEL,1
NKTX,1
SUP,1
PTD,1
CPRX,1
SEG,1
ASRT,1
RCL,1
XS,1
VIR,1
IDGA,1
FAKE,1
PLS,1
NEED,1
CATM,1
QV,1
BUD,1
PHUB,1
IMAC,1
HAIL,1
XY,1
BES,1
UGK,1
SINO,1
PLT,1
JO,1
JB,1
YJP,1
DOCS,1
FOUR,1
LGBT,1
EASY,1
IAC,1
HURT,1
SAM,1
WAR,1
TLS,1
RSVA,1
DLR,1
KERN,1
BLCM,1
GS,1
ENSV,1
MXC,1
HH,1
DXY,1
DARE,1
DTCH,1
KL,1
GOAL,1
RROW,1
TOMO,1
FAW,1
BY,1
VERE,1
DELI,1
OCRS,1
PVG,1
PVC,1
OAC,1
VS,1
TRUE,1
IORS,1
WARR,1
OWNE,1
RANC,1
INSU,1
IJ,1
EBON,1
CRHC,1
GMED,1
LVGW,1
AMPY,1
VMAR,1
DING,1
GRIN,1
LIZI,1
ABX,1
LZ,1
OSH,1
MENT,1
INE,1
VACC,1
PUQ,1
FREQ,1
HQX,1
VKFZ,1
KE,1
WN,1
IM,1
TDG,1
OC,1
JAKK,1
LCDX,1
MGA,1
TJB,1
VEE,1
QLS,1
FAI,1
RAM,1
ARCH,1
RESE,1
OWN,1
BPPW,1
GFV,1
SPCB,1
TOM,1
MEAT,1
PHAN,1
IVM,1
WHOA,1
SHR,1
LSK,1
UNJZ,1
CIN,1
SND,1
TANH,1
APU,1
VRYY,1
SWKS,1
ILL,1
YELP,1
DELT,1
ENTR,1
XAUU,1
CPAH,1
ICG,1
AWSO,1
CNK,1
LAZY,1
INTR,1
ARCO,1
MODE,1
DARK,1
EZE,1
SQUE,1
PLAB,1
HOLX,1
TSNP,1
ARNB,1
KOP,1
INDE,1
EEEE,1
OEM,1
OOF,1
DFC,1
SPLI,1
UNTI,1
CANT,1
EBAY,1
VYNE,1
APT,1
BFT,1
UMC,1
LSE,1
CONN,1
EATS,1
CANG,1
WFH,1
AROU,1
CITR,1
AWAY,1
CENT,1
POWW,1
RGLD,1
BGCA,1
ACLS,1
APDN,1
EH,1
HEAV,1
ZONE,1
DEMA,1
SUPP,1
VPN,1
MITT,1
FTC,1
SYME,1
OVID,1
AK,1
CSPR,1
GRPN,1
ADX,1
QTEX,1
TIME,1
APSG,1
NHIC,1
JONA,1
FAR,1
AV,1
III,1
SLB,1
SHAQ,1
RELI,1
CSPA,1
BECK,1
LSPD,1
POV,1
TDE,1
CRSP,1
NDMY,1
EWT,1
OPEC,1
GLG,1
FOOL,1
CRNT,1
WBA,1
XEA,1
UMB,1
BRAV,1
BNB,1
AO,1
APRE,1
EAD,1
VYGG,1
HUB,1
CCM,1
QK,1
HCCH,1
SOHO,1
STRO,1
FNF,1
DASH,1
HZQ,1
HRL,1
FICO,1
APPN,1
SABR,1
MCFE,1
BC,1
DF,1
RINL,1
NF,1
XHFE,1
CODE,1
CER,1
VB,1
ATNF,1
BTRY,1
FDIC,1
COLD,1
ITTT,1
EVS,1
TSN,1
NIOO,1
ALPH,1
GAXY,1
TPB,1
EJFL,1
SA,1
ENDL,1
THEE,1
AMH,1
EYE,1
UPLD,1
UNVR,1
SBAC,1
SAFE,1
RDN,1
HCAT,1
AXU,1
AQUA,1
AEYE,1
ESS,1
IAG,1
ASMR,1
TOP,1
BEEM,1
INSA,1
ICLK,1
RKO,1
GTFO,1
MEME,1
LYON,1
EXAC,1
TCOM,1
DA,1
KC,1
MAR,1
ECEZ,1
IIRC,1
HKD,1
EO,1
ROD,1
DMV,1
COCK,1
EBIT,1
JC,1
BNTX,1
AA,1
EURO,1
CMS,1
NUMB,1
ROE,1
ROA,1
HOPP,1
UN,1
AYRO,1
XBOX,1
AB,1
OGN,1
SCHW,1
TTNP,1
QX,1
LGIQ,1
CORT,1
YET,1
FAIL,1
USUA,1
TNA,1
AVO,1
GF,1
DJI,1
TLDR,1
GES,1
LU,1
BEKE,1
YY,1
BBC,1
BTFD,1
CIM,1
DKS,1
HPE,1
DAO,1
IMRN,1
IVV,1
TTWO,1
DOUB,1
VDAR,1
FROG,1
RMTI,1
MAEK,1
CCX,1
USEG,1
XPSA,1
CIA,1
CREX,1
WROX,1
ADXS,1
DK,1
QY,1
ANCE,1
ACN,1
BLN,1
ZYNG,1
ZMJC,1
IMT,1
RVLV,1
ZBRA,1
PEIX,1
GB,1
WHEN,1
LB,1
COV,1
SY,1
JJLK,1
NK,1
PODD,1
OBSV,1
STC,1
MTY,1
TCBY,1
MTYF,1
WA,1
DIA,1
READ,1
DYOR,1
NAS,1
INSP,1
ESG,1
DHR,1
NTAP,1
TAO,1
LATE,1
TOO,1
WAVE,1
CRYP,1
GHE,1
SPKE,1
COGT,1
DOT,1
BSY,1
DAQO,1
PERC,1
DQ,1
EEY,1
ABOU,1
NGA,1
OPRA,1
QELL,1
CCAC,1
MIK,1
ZUO,1
SHAR,1
ENTA,1
AIHS,1
XMR,1
BELO,1
PSTI,1
PSNL,1
MTNB,1
LNT,1
NVID,1
HP,1
MESA,1
AWK,1
LTC,1
GOES,1
IG,1
GSA,1
NBAC,1
CORP,1
ISIT,1
ACQU,1
INX,1
TYRE,1
FTEK,1
ESGC,1
AXAS,1
BBGI,1
PAPA,1
OUR,1
OME,1
WELC,1
FLYI,1
WAS,1
DAFY,1
PDK,1
MD,1
DW,1
UTLA,1
USKC,1
NAOV,1
OMED,1
BOTT,1
NQN,1
ZS,1
SUNO,1
RHYB,1
TI,1
TABL,1
EAT,1
HRTZ,1
SNPS,1
KHS,1
PFNX,1
INOD,1
EVGN,1
FU,1
JFU,1
PCR,1
MEGA,1
IDGE,1
NYPD,1
GK,1
AKQ,1
XA,1
BLM,1
PASO,1
VIXY,1
ACTI,1
PRIC,1
WQ,1
CV,1
IMA,1
ZMJA,1
HMU,1
THX,1
JFRO,1
ABIO,1
NVUS,1
ADAP,1
APLE,1
TSGW,1
IMUX,1
LOST,1
ERI,1
BEAR,1
EVFM,1
EFVM,1
MS,1
TESL,1
RY,1
BRK,1
SCR,1
STI,1
SSB,1
HARD,1
IES,1
PANT,1
RUMO,1
CBT,1
IBKR,1
AYTU,1
SNDE,1
WTH,1
JTW,1
GUAR,1
NVAX,1
ZBT,1
TER,1
FAAM,1
JUST,1
EXCE,1
GDP,1
YTHI,1
MAYB,1
MEOW,1
RBAC,1
SECT,1
RNW,1
HGRO,1
GTA,1
PXMD,1
TIL,1
QR,1
HMHC,1
ARRK,1
HLYN,1
LR,1
ERIC,1
SLDB,1
TECS,1
GBDC,1
ODT,1
MUST,1
WELL,1
DQWS,1
PP,1
BAD,1
QXI,1
XAAR,1
HWAA,1
VWO,1
VEA,1
USMV,1
MSCI,1
VTV,1
IWF,1
LOD,1
BROK,1
IIIG,1
FXI,1
HIII,1
XO,1
BURN,1
DGAZ,1
SCO,1
LABD,1
ALSO,1
PATE,1
AEB,1
AQG,1
GYAQ,1
AMRH,1
OFFE,1
HIN,1
MNUC,1
NVM,1
COO,1
RGR,1
CLF,1
ADES,1
CNET,1
LION,1
CS,1
CMRX,1
LQDA,1
EIGR,1
KALA,1
SPPI,1
TOUR,1
MINU,1
RED,1
DEMO,1
CZIB,1
LHQC,1
ACAA,1
AHAC,1
BN,1
SAW,1
FCCY,1
IIAE,1
UIAB,1
YWIQ,1
CHBF,1
CRAT,1
CTEK,1
LUTE,1
ABSO,1
BBG,1
LOWE,1
TAKI,1
ETS,1
OFFS,1
MOS,1
AMS,1
ALSK,1
EQUI,1
SOLI,1
HIS,1
OUTS,1
HAD,1
JQ,1
FXM,1
AIG,1
POPP,1
BEEN,1
GBP,1
LFG,1
SCWX,1
SAGE,1
PG,1
URBN,1
PICK,1
TELS,1
UE,1
RESC,1
SIX,1
COAC,1
RDR,1
CITY,1
GGGG,1
BANG,1
STUF,1
XLK,1
LVS,1
POIN,1
QE,1
HYG,1
MRK,1
VISA,1
UGE,1
HUUU,1
EMAT,1
BAYB,1
PLNT,1
SIRI,1
TRIP,1
DDM,1
SSST,1
CROX,1
VRTX,1
XRT,1
BOAT,1
ELSE,1
NNNN,1
MAKI,1
BET,1
TMOD,1
ROKO,1
COUP,1
FEE,1
TEST,1
ERSH,1
SJM,1
CAL,1
BEP,1
TING,1
FEAS,1
MAN,1
SON,1
TIN,1
IMON,1
BIIB,1
BUDD,1
WERK,1
HT,1
SLIG,1
DOWN,1
AVG,1
ECTI,1
PROT,1
PAYI,1
PKAY,1
IALS,1
OM,1
TTT,1
CLSI,1
AAZY,1
CRAA,1
EACH,1
WIX,1
MTN,1
GLOB,1
EQC,1
SCRE,1
CTO,1
YEAH,1
JAMF,1
XBIT,1
TAK,1
CSLL,1
GRFS,1
NIH,1
GOG,1
NSE,1
UTZ,1
FPAY,1
BBQ,1
FOSL,1
RRGB,1
CHFS,1
URL,1
JOKI,1
CGIX,1
MRNS,1
PLM,1
YM,1
TRRN,1
BZP,1
LSM,1
ENTI,1
CLBS,1
DAMM,1
AMPE,1
YTEN,1
RDHL,1
VSTM,1
CE,1
FQ,1
CTG,1
JCP,1
SNCA,1
BRUH,1
AKER,1
SNP,1
EETS,1
RETW,1
ORTX,1
FLDM,1
AAAH,1
GLW,1
MT,1
QTY,1
NTUS,1
FWD,1
BWGI,1
OD,1
UCF,1
PIPP,1
QUIT,1
LPI,1
HEDG,1
YYY,1
SPYY,1
MELI,1
AHAH,1
HAHH,1
JHAH,1
ADC,1
PLX,1
NVD,1
YEAA,1
YEP,1
PLAN,1
RNC,1
AAAY,1
WAAA,1
TRVN,1
BLU,1
PYXS,1
ADMA,1
CATO,1
CREG,1
SPNK,1
HJLI,1
DGX,1
CJJD,1
CSGO,1
SYPR,1
AMLP,1
CLUB,1
AGG,1
LQD,1
IWN,1
MOC,1
CB,1
VVC,1
OSXY,1
MG,1
WPE,1
VCP,1
ICE,1
CVEO,1
CTXR,1
TEXM,1
ASN,1
AURO,1
LV,1
AURA,1
JBLU,1
LXE,1
FRIY,1
BIDE,1
HUSN,1
RHYI,1
FK,1
FSD,1
FVR,1
TQQQ,1
YE,1
KNJ,1
HED,1
CRUS,1
BNSO,1
BBRW,1
MDIA,1
HG,1
ANYW,1
DRRX,1
POGG,1
ACKE,1
JAMP,1
XZT,1
RR,1
BEAT,1
DOGZ,1
NOIC,1
JEXI,1
CPM,1
UNAC,1
ENTG,1
ROCC,1
SKU,1
NPD,1
OOOF,1
TZ,1
ABLE,1
CEPT,1
INS,1
GPOR,1
REMA,1
OSAL,1
PROP,1
BLIC,1
REPU,1
MER,1
SCHU,1
LEAD,1
FIS,1
PVL,1
CAG,1
GRMA,1
OUS,1
SERI,1
THEY,1
CGDT,1
VO,1
HRSI,1
FA,1
QQQJ,1
DND,1
AMST,1
BS,1
ATPX,1
ZG,1
YQ,1
RGB,1
HYZ,1
UIHC,1
PRQR,1
HGH,1
BXRX,1
HYLB,1
SCWA,1
REAC,1
UL,1
ESSF,1
SUCC,1
BECO,1
PART,1
RTAN,1
IMPO,1
MANA,1
HOW,1
RMAT,1
TUAL,1
EVEN,1
NEL,1
CHAN,1
EMEN,1
IMPL,1
WEVE,1
TDD,1
IDEA,1
AOUT,1
POC,1
QA,1
GWO,1
UFC,1
ID,1
LOB,1
BAP,1
NICS,1
HCCO,1
CETX,1
SOLD,1
COOK,1
FREN,1
KX,1
CHCN,1
RDIB,1
MNPR,1
SONM,1
VIVE,1
NTEC,1
TON,1
PELO,1
NNN,1
SELL,1
WHO,1
IMH,1
PHIO,1
LOVI,1
URA,1
OJ,1
MSTR,1
NACL,1
ROPE,1
OLDS,1
TZA,1
RRD,1
USWS,1
TGC,1
SHAP,1
ABBO,1
ACC,1
SSE,1
YEAR,1
IPAD,1
HUG,1
NEPT,1
GNC,1
SINK,1
JET,1
ARRE,1
OIN,1
SMEL,1
DNKN,1
TRUT,1
EI,1
JWM,1
RTIS,1
ADVE,1
JAMI,1
PRTY,1
QTWO,1
ATR,1
VTSA,1
SRRK,1
RITY,1
MINO,1
SENA,1
APTX,1
RECE,1
GEO,1
VV,1
YIKE,1
IH,1
YN,1
LEVI,1
ETB,1
AAN,1
MAAA,1
BOOT,1
TAT,1
OW,1
KUDL,1
PACK,1
SED,1
REVI,1
OVED,1
APPR,1
NTLY,1
ADDE,1
TAB,1
PSHG,1
QN,1
MC,1
NFIN,1
MUZ,1
HMWH,1
PCP,1
VT,1
SCOT,1
TN,1
CAN,1
PERS,1
PER,1
KEEP,1
LOAD,1
OVER,1
PLEA,1
THER,1
REQU,1
ADM,1
QMR,1
BILL,1
CG,1
OP,1
TMZ,1
UAMY,1
PLAG,1
AMCR,1
FIB,1
EEM,1
CDOZ,1
EDDD,1
SEAH,1
SVXY,1
VM,1
GONE,1
LDA,1
SHOU,1
HIL,1
TECL,1
HALT,1
DDDD,1
COUL,1
PME,1
DEAL,1
NX,1
XILI,1
CHIP,1
RIVA,1
TALK,1
NCED,1
ADVA,1
YC,1
OEG,1
NRDE,1
CPEB,1
CGEQ,1
SKYS,1
TIED,1
SHOR,1
GUY,1
DNA,1
ZNL,1
ULU,1
JT,1
IVE,1
GURU,1
QB,1
JF,1
XEQT,1
GLOP,1
EVA,1
ZYNE,1
NCVR,1
MASS,1
WHOL,1
BKKK,1
NZO,1
JOB,1
OOON,1
MOOO,1
JX,1
MDRR,1
OCX,1
PF,1
XLE,1
IDXG,1
GH,1
MTP,1
PZ,1
YZ,1
ZCLO,1
JWS,1
JILL,1
GRUB,1
YRH,1
MILS,1
ORB,1
LFGG,1
CLX,1
ASLN,1
XLU,1
EXC,1
DSGT,1
XLV,1
FRTA,1
DOES,1
VMW,1
CELE,1
PQ,1
INTO,1
ORD,1
DISC,1
NDIN,1
EXPA,1
UA,1
SDC,1
XU,1
AGNC,1
BENE,1
APEX,1
ALT,1
CTIB,1
EK,1
VCNX,1
SALM,1
PEF,1
BRAT,1
THIN,1
FROM,1
MONT,1
QPA,1
INGS,1
EARN,1
OLS,1
SYMB,1
TICK,1
XT,1
RUNN,1
VOXX,1
SEND,1
TLY,1
CHEC,1
INVI,1
REST,1
INTE,1
NDS,1
FRIE,1
SAID,1
BEIN,1
EDIT,1
